k,diag_k
0,5.00000000000000178e+00
1,3.50000000000000178e+00
2,3.50000000000000178e+00
3,3.50000000000000178e+00
4,3.50000000000000178e+00
5,2.51795524685921279e+00
6,2.49983404242367024e+00
7,2.47995432097874957e+00
8,2.49523469585519475e+00
9,2.47211198582149372e+00
10,2.48737990347831284e+00
11,2.49953899116358347e+00
12,2.45938345223975574e+00
13,3.50000000000000178e+00
14,3.50000000000000178e+00
15,3.50000000000000178e+00
16,3.50000000000000178e+00
17,2.51795524685921368e+00
18,2.49983404242366980e+00
19,2.47995432097874868e+00
20,2.49523469585519475e+00
21,2.47211198582149372e+00
22,2.48737990347831239e+00
23,2.49953899116358347e+00
24,2.45938345223975574e+00
25,5.00000000000000178e+00
26,3.50000000000000178e+00
27,3.50000000000000178e+00
28,2.45894868716089610e+00
29,2.45418040534400017e+00
30,2.50022856502144730e+00
31,2.47489591773867890e+00
32,2.52606811557345967e+00
33,2.53494815614330538e+00
34,2.49422505425625562e+00
35,2.51296141988983335e+00
36,3.50000000000000178e+00
37,3.50000000000000178e+00
38,2.45894868716089610e+00
39,2.45418040534400017e+00
40,2.50022856502144730e+00
41,2.47489591773867890e+00
42,2.52606811557346056e+00
43,2.53494815614330538e+00
44,2.49422505425625518e+00
45,2.51296141988983335e+00
46,5.00000000000000178e+00
47,2.50709259783863647e+00
48,2.53523103187888488e+00
49,2.52999424187919697e+00
50,2.50216535776387161e+00
51,2.50081611840423168e+00
52,2.50154925564304076e+00
53,2.50981824726315317e+00
54,2.49700817556638643e+00
55,2.50709259783863558e+00
56,2.53523103187888532e+00
57,2.52999424187919697e+00
58,2.50216535776387206e+00
59,2.50081611840423079e+00
60,2.50154925564304076e+00
61,2.50981824726315317e+00
62,2.49700817556638555e+00
63,5.00000000000000178e+00
64,5.00000000000000178e+00
65,5.00000000000000178e+00
66,5.00000000000000178e+00
67,5.00000000000000178e+00
68,5.00000000000000178e+00
69,5.00000000000000178e+00
70,5.00000000000000178e+00
71,5.00000000000000178e+00
72,5.00000000000000178e+00
73,5.00000000000000178e+00
74,5.00000000000000178e+00
75,5.00000000000000178e+00
76,5.00000000000000178e+00
77,5.00000000000000178e+00
78,5.00000000000000178e+00
79,5.00000000000000178e+00
80,5.00000000000000178e+00
81,5.00000000000000178e+00
82,5.00000000000000178e+00
83,5.00000000000000178e+00
84,5.00000000000000178e+00
85,5.00000000000000178e+00
86,5.00000000000000178e+00
87,5.00000000000000178e+00
88,5.00000000000000178e+00
89,5.00000000000000178e+00
90,5.00000000000000178e+00
91,3.50000000000000178e+00
92,3.50000000000000178e+00
93,3.50000000000000178e+00
94,3.50000000000000178e+00
95,2.50039356243053978e+00
96,2.52958523834964710e+00
97,2.48380441935524399e+00
98,2.49223974757677569e+00
99,2.48529407908342570e+00
100,2.49162199536743145e+00
101,2.50296059036718876e+00
102,2.49662023631638785e+00
103,3.50000000000000178e+00
104,3.50000000000000044e+00
105,3.50000000000000044e+00
106,2.52563575513236227e+00
107,2.51745466135723106e+00
108,2.50230341392217603e+00
109,2.49630561304774412e+00
110,2.51916128043813004e+00
111,2.52500303324649789e+00
112,2.49529040021638426e+00
113,2.49290272485468645e+00
114,3.50000000000000044e+00
115,3.50000000000000044e+00
116,2.52919885180448301e+00
117,2.48439225193430380e+00
118,2.51346268185394495e+00
119,2.50762138423165570e+00
120,2.50916263641494242e+00
121,2.51937207490825799e+00
122,2.51336572215156817e+00
123,2.49401932318060293e+00
124,3.50000000000000178e+00
125,2.53564744996245928e+00
126,2.50262652014292053e+00
127,2.47541782476846706e+00
128,2.47283737917683499e+00
129,2.48638262546132349e+00
130,2.51794279187117809e+00
131,2.51140290925127152e+00
132,2.49570955741710288e+00
133,2.54357008036388699e+00
134,2.51504404779809621e+00
135,2.48988056812325809e+00
136,2.47577692909450287e+00
137,2.48048019774622786e+00
138,2.48572661454294774e+00
139,2.53602243457204324e+00
140,2.48599852002360144e+00
141,3.50000000000000178e+00
142,3.50000000000000178e+00
143,3.50000000000000178e+00
144,3.50000000000000178e+00
145,3.50000000000000178e+00
146,3.50000000000000178e+00
147,3.50000000000000178e+00
148,3.50000000000000178e+00
149,3.50000000000000178e+00
150,3.50000000000000178e+00
151,3.50000000000000178e+00
152,3.50000000000000178e+00
153,3.50000000000000178e+00
154,3.50000000000000178e+00
155,3.50000000000000178e+00
156,3.50000000000000178e+00
157,3.50000000000000178e+00
158,3.50000000000000178e+00
159,3.50000000000000178e+00
160,3.50000000000000178e+00
161,3.50000000000000178e+00
162,3.50000000000000178e+00
163,3.50000000000000178e+00
164,3.50000000000000178e+00
165,3.50000000000000178e+00
166,3.50000000000000178e+00
167,3.50000000000000178e+00
168,3.50000000000000178e+00
169,3.50000000000000178e+00
170,3.50000000000000044e+00
171,3.50000000000000044e+00
172,2.50697800784653113e+00
173,2.48945022238876845e+00
174,2.49274852798309654e+00
175,2.48190131839615447e+00
176,2.49138671055001115e+00
177,2.52378351844667304e+00
178,2.51253508622919375e+00
179,2.47950761035965517e+00
180,3.50000000000000044e+00
181,3.50000000000000044e+00
182,2.51903977348933239e+00
183,2.50127157125825095e+00
184,2.51839789926931346e+00
185,2.50099585368398181e+00
186,2.51696328661188673e+00
187,2.47387523487496219e+00
188,2.49337330934088541e+00
189,2.50074912982300512e+00
190,3.50000000000000178e+00
191,2.53254605921477705e+00
192,2.50331822270028903e+00
193,2.48412923638281224e+00
194,2.48290847354263633e+00
195,2.48729139039178682e+00
196,2.47327489878619122e+00
197,2.50415463352951839e+00
198,2.50105690452788121e+00
199,2.49126537986618235e+00
200,2.49364442393745778e+00
201,2.52395020314121377e+00
202,2.48344370124358349e+00
203,2.49580721726285937e+00
204,2.50407901818121470e+00
205,2.53772017631084079e+00
206,2.50632881672033347e+00
207,3.50000000000000178e+00
208,3.50000000000000178e+00
209,3.50000000000000178e+00
210,3.50000000000000178e+00
211,3.50000000000000178e+00
212,3.50000000000000178e+00
213,3.50000000000000178e+00
214,3.50000000000000178e+00
215,3.50000000000000178e+00
216,3.50000000000000178e+00
217,3.50000000000000178e+00
218,3.50000000000000178e+00
219,3.50000000000000178e+00
220,3.50000000000000178e+00
221,3.50000000000000178e+00
222,3.50000000000000178e+00
223,3.50000000000000178e+00
224,3.50000000000000178e+00
225,3.50000000000000178e+00
226,3.50000000000000178e+00
227,3.50000000000000178e+00
228,3.50000000000000178e+00
229,3.50000000000000178e+00
230,3.50000000000000178e+00
231,3.50000000000000178e+00
232,3.50000000000000178e+00
233,3.50000000000000178e+00
234,3.50000000000000178e+00
235,3.50000000000000178e+00
236,3.50000000000000178e+00
237,2.51542388178083520e+00
238,2.52503045511157831e+00
239,2.50360654796214721e+00
240,2.51744299984328812e+00
241,2.48871137314533719e+00
242,2.53053644790387011e+00
243,2.52804594184876041e+00
244,2.53259210378642763e+00
245,3.50000000000000178e+00
246,2.51634011049924311e+00
247,2.49877120872904612e+00
248,2.51279990691444066e+00
249,2.49108599982875578e+00
250,2.49186291910207158e+00
251,2.52557884625767892e+00
252,2.52506286873841557e+00
253,2.49599050949692991e+00
254,2.46215627660111958e+00
255,2.48841317722574473e+00
256,2.48500198289260332e+00
257,2.48976729893132553e+00
258,2.51143413538719829e+00
259,2.49364352593264860e+00
260,2.49709973258388507e+00
261,2.47348043625384140e+00
262,3.50000000000000178e+00
263,3.50000000000000178e+00
264,3.50000000000000178e+00
265,3.50000000000000178e+00
266,3.50000000000000178e+00
267,3.50000000000000178e+00
268,3.50000000000000178e+00
269,3.50000000000000178e+00
270,3.50000000000000178e+00
271,3.50000000000000178e+00
272,3.50000000000000178e+00
273,3.50000000000000178e+00
274,3.50000000000000178e+00
275,3.50000000000000178e+00
276,3.50000000000000178e+00
277,3.50000000000000178e+00
278,3.50000000000000178e+00
279,3.50000000000000178e+00
280,3.50000000000000178e+00
281,3.50000000000000178e+00
282,3.50000000000000178e+00
283,3.50000000000000178e+00
284,3.50000000000000178e+00
285,3.50000000000000178e+00
286,3.50000000000000178e+00
287,3.50000000000000178e+00
288,3.50000000000000178e+00
289,3.50000000000000178e+00
290,3.50000000000000178e+00
291,2.49017833185944326e+00
292,2.48074424209385747e+00
293,2.49117598084538994e+00
294,2.52704859627876743e+00
295,2.50581660822520425e+00
296,2.50276331984300437e+00
297,2.50200308703683882e+00
298,2.49063701559832928e+00
299,2.47959265056975386e+00
300,2.49440963957594786e+00
301,2.50051789199786612e+00
302,2.54325081580603651e+00
303,2.51104746947284196e+00
304,2.46346733460645995e+00
305,2.48830247777274227e+00
306,2.47094224700506970e+00
307,3.50000000000000178e+00
308,3.50000000000000178e+00
309,3.50000000000000178e+00
310,3.50000000000000178e+00
311,3.50000000000000178e+00
312,3.50000000000000178e+00
313,3.50000000000000178e+00
314,3.50000000000000178e+00
315,3.50000000000000178e+00
316,3.50000000000000178e+00
317,3.50000000000000178e+00
318,3.50000000000000178e+00
319,3.50000000000000178e+00
320,3.50000000000000178e+00
321,3.50000000000000178e+00
322,3.50000000000000178e+00
323,3.50000000000000178e+00
324,3.50000000000000178e+00
325,3.50000000000000178e+00
326,3.50000000000000178e+00
327,3.50000000000000178e+00
328,3.50000000000000178e+00
329,3.50000000000000178e+00
330,3.50000000000000178e+00
331,3.50000000000000178e+00
332,3.50000000000000178e+00
333,3.50000000000000178e+00
334,3.50000000000000178e+00
335,2.46320203337548049e+00
336,2.54176633825191134e+00
337,2.50092509077503067e+00
338,2.51290685253768231e+00
339,2.49261814474678634e+00
340,2.46304064396228473e+00
341,2.48181347471390312e+00
342,2.51772376164003919e+00
343,3.50000000000000178e+00
344,3.50000000000000178e+00
345,3.50000000000000178e+00
346,3.50000000000000178e+00
347,3.50000000000000178e+00
348,3.50000000000000178e+00
349,3.50000000000000178e+00
350,3.50000000000000178e+00
351,3.50000000000000178e+00
352,3.50000000000000178e+00
353,3.50000000000000178e+00
354,3.50000000000000178e+00
355,3.50000000000000178e+00
356,3.50000000000000178e+00
357,3.50000000000000178e+00
358,3.50000000000000178e+00
359,3.50000000000000178e+00
360,3.50000000000000178e+00
361,3.50000000000000178e+00
362,3.50000000000000178e+00
363,3.50000000000000178e+00
364,3.50000000000000178e+00
365,3.50000000000000178e+00
366,3.50000000000000178e+00
367,3.50000000000000178e+00
368,3.50000000000000178e+00
369,3.50000000000000178e+00
370,3.50000000000000178e+00
371,3.50000000000000178e+00
372,3.50000000000000178e+00
373,3.50000000000000178e+00
374,3.50000000000000178e+00
375,3.50000000000000178e+00
376,3.50000000000000178e+00
377,3.50000000000000178e+00
378,3.50000000000000178e+00
379,3.50000000000000178e+00
380,3.50000000000000178e+00
381,3.50000000000000178e+00
382,3.50000000000000178e+00
383,3.50000000000000178e+00
384,3.50000000000000178e+00
385,3.50000000000000178e+00
386,3.50000000000000178e+00
387,3.50000000000000178e+00
388,3.50000000000000178e+00
389,3.50000000000000178e+00
390,3.50000000000000178e+00
391,3.50000000000000178e+00
392,3.50000000000000178e+00
393,3.50000000000000178e+00
394,3.50000000000000178e+00
395,3.50000000000000178e+00
396,3.50000000000000178e+00
397,3.50000000000000178e+00
398,3.50000000000000178e+00
399,2.46552922247421291e+00
400,2.45833100112425917e+00
401,2.50452053371158101e+00
402,2.50346515930917235e+00
403,2.48621650496677793e+00
404,2.45664153581023470e+00
405,2.48886553175854486e+00
406,2.50917452883330316e+00
407,2.53732280525923359e+00
408,2.49601780809709206e+00
409,2.49285820276639170e+00
410,2.48589946375206416e+00
411,2.49622184936418900e+00
412,2.51575400114914238e+00
413,2.50583039444700084e+00
414,2.47801793109481094e+00
415,2.51185558335241410e+00
416,2.51530714230642749e+00
417,2.47605266465168405e+00
418,2.45017139952431195e+00
419,2.45959900113399410e+00
420,2.49747909584218686e+00
421,2.44110564446694500e+00
422,2.51279192303284660e+00
423,2.46311680605186600e+00
424,2.47340465147521016e+00
425,2.53979338658342835e+00
426,2.50645790415078640e+00
427,2.50145015686641026e+00
428,2.47828895802351878e+00
429,2.49960389522801307e+00
430,2.49677150329173481e+00
431,2.47682792392235385e+00
432,2.50927018727237705e+00
433,2.49675890111020493e+00
434,2.52704983928973714e+00
435,2.54336026368840518e+00
436,2.47115412394883904e+00
437,2.50110395924059103e+00
438,2.49230955937223086e+00
439,2.51128329066928835e+00
440,2.48215270919825848e+00
441,2.51565022246360792e+00
442,2.50371900866157215e+00
443,2.48577518202549452e+00
444,2.48939376950951541e+00
445,2.50862303945200971e+00
446,2.51168157508743306e+00
447,2.51550396430235379e+00
448,2.48397091508572565e+00
449,2.48853189255747997e+00
450,2.46807580664714399e+00
451,2.46871968300605360e+00
452,2.52217803509555738e+00
453,2.46394618204203297e+00
454,2.52687318125762816e+00
455,3.50000000000000178e+00
456,3.50000000000000178e+00
457,3.50000000000000178e+00
458,3.50000000000000178e+00
459,2.50039356243053934e+00
460,2.52958523834964710e+00
461,2.48380441935524487e+00
462,2.49223974757677524e+00
463,2.48529407908342570e+00
464,2.49162199536743145e+00
465,2.50296059036718876e+00
466,2.49662023631638874e+00
467,3.50000000000000178e+00
468,3.50000000000000044e+00
469,3.50000000000000044e+00
470,2.51903977348933239e+00
471,2.50127157125825095e+00
472,2.51839789926931301e+00
473,2.50099585368398181e+00
474,2.51696328661188673e+00
475,2.47387523487496264e+00
476,2.49337330934088541e+00
477,2.50074912982300468e+00
478,3.50000000000000044e+00
479,3.50000000000000044e+00
480,2.50697800784653158e+00
481,2.48945022238876845e+00
482,2.49274852798309654e+00
483,2.48190131839615447e+00
484,2.49138671055001071e+00
485,2.52378351844667348e+00
486,2.51253508622919375e+00
487,2.47950761035965517e+00
488,3.50000000000000178e+00
489,2.49126537986618191e+00
490,2.49364442393745733e+00
491,2.52395020314121421e+00
492,2.48344370124358349e+00
493,2.49580721726285937e+00
494,2.50407901818121426e+00
495,2.53772017631084079e+00
496,2.50632881672033303e+00
497,2.53254605921477660e+00
498,2.50331822270028903e+00
499,2.48412923638281224e+00
500,2.48290847354263633e+00
501,2.48729139039178682e+00
502,2.47327489878619122e+00
503,2.50415463352951795e+00
504,2.50105690452788121e+00
505,3.50000000000000178e+00
506,3.50000000000000178e+00
507,3.50000000000000178e+00
508,3.50000000000000178e+00
509,3.50000000000000178e+00
510,3.50000000000000178e+00
511,3.50000000000000178e+00
512,3.50000000000000178e+00
513,3.50000000000000178e+00
514,3.50000000000000178e+00
515,3.50000000000000178e+00
516,3.50000000000000178e+00
517,3.50000000000000178e+00
518,3.50000000000000178e+00
519,3.50000000000000178e+00
520,3.50000000000000178e+00
521,3.50000000000000178e+00
522,3.50000000000000178e+00
523,3.50000000000000178e+00
524,3.50000000000000178e+00
525,3.50000000000000178e+00
526,3.50000000000000178e+00
527,3.50000000000000178e+00
528,3.50000000000000178e+00
529,3.50000000000000178e+00
530,3.50000000000000178e+00
531,3.50000000000000178e+00
532,3.50000000000000178e+00
533,3.50000000000000178e+00
534,3.50000000000000089e+00
535,3.50000000000000089e+00
536,2.52919885180448345e+00
537,2.48439225193430380e+00
538,2.51346268185394495e+00
539,2.50762138423165570e+00
540,2.50916263641494242e+00
541,2.51937207490825799e+00
542,2.51336572215156862e+00
543,2.49401932318060293e+00
544,3.50000000000000089e+00
545,3.50000000000000089e+00
546,2.52563575513236227e+00
547,2.51745466135723106e+00
548,2.50230341392217603e+00
549,2.49630561304774412e+00
550,2.51916128043813004e+00
551,2.52500303324649789e+00
552,2.49529040021638426e+00
553,2.49290272485468645e+00
554,3.50000000000000178e+00
555,2.54357008036388699e+00
556,2.51504404779809665e+00
557,2.48988056812325809e+00
558,2.47577692909450287e+00
559,2.48048019774622786e+00
560,2.48572661454294774e+00
561,2.53602243457204324e+00
562,2.48599852002360144e+00
563,2.53564744996245928e+00
564,2.50262652014292097e+00
565,2.47541782476846706e+00
566,2.47283737917683499e+00
567,2.48638262546132349e+00
568,2.51794279187117809e+00
569,2.51140290925127152e+00
570,2.49570955741710288e+00
571,3.50000000000000178e+00
572,3.50000000000000178e+00
573,3.50000000000000178e+00
574,3.50000000000000178e+00
575,3.50000000000000178e+00
576,3.50000000000000178e+00
577,3.50000000000000178e+00
578,3.50000000000000178e+00
579,3.50000000000000178e+00
580,3.50000000000000178e+00
581,3.50000000000000178e+00
582,3.50000000000000178e+00
583,3.50000000000000178e+00
584,3.50000000000000178e+00
585,3.50000000000000178e+00
586,3.50000000000000178e+00
587,3.50000000000000178e+00
588,3.50000000000000178e+00
589,3.50000000000000178e+00
590,3.50000000000000178e+00
591,3.50000000000000178e+00
592,3.50000000000000178e+00
593,3.50000000000000178e+00
594,3.50000000000000178e+00
595,3.50000000000000178e+00
596,3.50000000000000178e+00
597,3.50000000000000178e+00
598,3.50000000000000178e+00
599,3.50000000000000178e+00
600,3.50000000000000178e+00
601,2.51542388178083520e+00
602,2.52503045511157831e+00
603,2.50360654796214677e+00
604,2.51744299984328812e+00
605,2.48871137314533675e+00
606,2.53053644790387011e+00
607,2.52804594184875953e+00
608,2.53259210378642763e+00
609,3.50000000000000178e+00
610,2.47959265056975386e+00
611,2.49440963957594786e+00
612,2.50051789199786612e+00
613,2.54325081580603651e+00
614,2.51104746947284196e+00
615,2.46346733460646039e+00
616,2.48830247777274227e+00
617,2.47094224700506970e+00
618,2.49017833185944326e+00
619,2.48074424209385747e+00
620,2.49117598084538994e+00
621,2.52704859627876743e+00
622,2.50581660822520425e+00
623,2.50276331984300437e+00
624,2.50200308703683838e+00
625,2.49063701559832928e+00
626,3.50000000000000178e+00
627,3.50000000000000178e+00
628,3.50000000000000178e+00
629,3.50000000000000178e+00
630,3.50000000000000178e+00
631,3.50000000000000178e+00
632,3.50000000000000178e+00
633,3.50000000000000178e+00
634,3.50000000000000178e+00
635,3.50000000000000178e+00
636,3.50000000000000178e+00
637,3.50000000000000178e+00
638,3.50000000000000178e+00
639,3.50000000000000178e+00
640,3.50000000000000178e+00
641,3.50000000000000178e+00
642,3.50000000000000178e+00
643,3.50000000000000178e+00
644,3.50000000000000178e+00
645,3.50000000000000178e+00
646,3.50000000000000178e+00
647,3.50000000000000178e+00
648,3.50000000000000178e+00
649,3.50000000000000178e+00
650,3.50000000000000178e+00
651,3.50000000000000178e+00
652,3.50000000000000178e+00
653,3.50000000000000178e+00
654,3.50000000000000178e+00
655,2.46215627660111958e+00
656,2.48841317722574473e+00
657,2.48500198289260377e+00
658,2.48976729893132553e+00
659,2.51143413538719829e+00
660,2.49364352593264860e+00
661,2.49709973258388551e+00
662,2.47348043625384140e+00
663,2.51634011049924311e+00
664,2.49877120872904612e+00
665,2.51279990691444066e+00
666,2.49108599982875534e+00
667,2.49186291910207114e+00
668,2.52557884625767892e+00
669,2.52506286873841557e+00
670,2.49599050949693035e+00
671,3.50000000000000178e+00
672,3.50000000000000178e+00
673,3.50000000000000178e+00
674,3.50000000000000178e+00
675,3.50000000000000178e+00
676,3.50000000000000178e+00
677,3.50000000000000178e+00
678,3.50000000000000178e+00
679,3.50000000000000178e+00
680,3.50000000000000178e+00
681,3.50000000000000178e+00
682,3.50000000000000178e+00
683,3.50000000000000178e+00
684,3.50000000000000178e+00
685,3.50000000000000178e+00
686,3.50000000000000178e+00
687,3.50000000000000178e+00
688,3.50000000000000178e+00
689,3.50000000000000178e+00
690,3.50000000000000178e+00
691,3.50000000000000178e+00
692,3.50000000000000178e+00
693,3.50000000000000178e+00
694,3.50000000000000178e+00
695,3.50000000000000178e+00
696,3.50000000000000178e+00
697,3.50000000000000178e+00
698,3.50000000000000178e+00
699,2.46320203337548049e+00
700,2.54176633825191134e+00
701,2.50092509077503111e+00
702,2.51290685253768231e+00
703,2.49261814474678634e+00
704,2.46304064396228473e+00
705,2.48181347471390312e+00
706,2.51772376164004008e+00
707,3.50000000000000178e+00
708,3.50000000000000178e+00
709,3.50000000000000178e+00
710,3.50000000000000178e+00
711,3.50000000000000178e+00
712,3.50000000000000178e+00
713,3.50000000000000178e+00
714,3.50000000000000178e+00
715,3.50000000000000178e+00
716,3.50000000000000178e+00
717,3.50000000000000178e+00
718,3.50000000000000178e+00
719,3.50000000000000178e+00
720,3.50000000000000178e+00
721,3.50000000000000178e+00
722,3.50000000000000178e+00
723,3.50000000000000178e+00
724,3.50000000000000178e+00
725,3.50000000000000178e+00
726,3.50000000000000178e+00
727,3.50000000000000178e+00
728,3.50000000000000178e+00
729,3.50000000000000178e+00
730,3.50000000000000178e+00
731,3.50000000000000178e+00
732,3.50000000000000178e+00
733,3.50000000000000178e+00
734,3.50000000000000178e+00
735,3.50000000000000178e+00
736,3.50000000000000178e+00
737,3.50000000000000178e+00
738,3.50000000000000178e+00
739,3.50000000000000178e+00
740,3.50000000000000178e+00
741,3.50000000000000178e+00
742,3.50000000000000178e+00
743,3.50000000000000178e+00
744,3.50000000000000178e+00
745,3.50000000000000178e+00
746,3.50000000000000178e+00
747,3.50000000000000178e+00
748,3.50000000000000178e+00
749,3.50000000000000178e+00
750,3.50000000000000178e+00
751,3.50000000000000178e+00
752,3.50000000000000178e+00
753,3.50000000000000178e+00
754,3.50000000000000178e+00
755,3.50000000000000178e+00
756,3.50000000000000178e+00
757,3.50000000000000178e+00
758,3.50000000000000178e+00
759,3.50000000000000178e+00
760,3.50000000000000178e+00
761,3.50000000000000178e+00
762,3.50000000000000178e+00
763,2.46552922247421291e+00
764,2.45833100112425917e+00
765,2.50452053371158012e+00
766,2.50346515930917235e+00
767,2.48621650496677837e+00
768,2.45664153581023470e+00
769,2.48886553175854530e+00
770,2.50917452883330361e+00
771,2.53732280525923359e+00
772,2.49601780809709206e+00
773,2.49285820276639125e+00
774,2.48589946375206416e+00
775,2.49622184936418812e+00
776,2.51575400114914283e+00
777,2.50583039444700040e+00
778,2.47801793109481094e+00
779,2.51185558335241410e+00
780,2.51530714230642749e+00
781,2.47605266465168405e+00
782,2.45017139952431195e+00
783,2.45959900113399410e+00
784,2.49747909584218686e+00
785,2.44110564446694500e+00
786,2.51279192303284571e+00
787,2.46311680605186600e+00
788,2.47340465147521016e+00
789,2.53979338658342835e+00
790,2.50645790415078640e+00
791,2.50145015686640981e+00
792,2.47828895802351878e+00
793,2.49960389522801396e+00
794,2.49677150329173525e+00
795,2.47682792392235385e+00
796,2.50927018727237749e+00
797,2.49675890111020538e+00
798,2.52704983928973714e+00
799,2.54336026368840473e+00
800,2.47115412394883904e+00
801,2.50110395924059148e+00
802,2.49230955937223086e+00
803,2.51128329066928835e+00
804,2.48215270919825803e+00
805,2.51565022246360792e+00
806,2.50371900866157215e+00
807,2.48577518202549452e+00
808,2.48939376950951541e+00
809,2.50862303945200971e+00
810,2.51168157508743350e+00
811,2.51550396430235379e+00
812,2.48397091508572565e+00
813,2.48853189255747997e+00
814,2.46807580664714399e+00
815,2.46871968300605404e+00
816,2.52217803509555738e+00
817,2.46394618204203208e+00
818,2.52687318125762816e+00
819,5.00000000000000178e+00
820,3.50000000000000178e+00
821,3.50000000000000178e+00
822,2.50093486442546098e+00
823,2.49224793465248773e+00
824,2.50047526176299595e+00
825,2.50881977130192491e+00
826,2.49667013085848133e+00
827,2.48211150893445209e+00
828,2.50866024846063684e+00
829,2.50408203900465942e+00
830,3.50000000000000178e+00
831,3.50000000000000178e+00
832,2.50093486442546187e+00
833,2.49224793465248684e+00
834,2.50047526176299639e+00
835,2.50881977130192535e+00
836,2.49667013085848222e+00
837,2.48211150893445254e+00
838,2.50866024846063684e+00
839,2.50408203900465942e+00
840,5.00000000000000178e+00
841,2.51619814604076497e+00
842,2.51792273546671330e+00
843,2.47571889213799423e+00
844,2.51767766183446939e+00
845,2.51200085704108034e+00
846,2.46150328623128445e+00
847,2.50211573088041384e+00
848,2.54108680960377198e+00
849,2.51619814604076542e+00
850,2.51792273546671375e+00
851,2.47571889213799423e+00
852,2.51767766183446939e+00
853,2.51200085704108123e+00
854,2.46150328623128445e+00
855,2.50211573088041384e+00
856,2.54108680960377198e+00
857,5.00000000000000178e+00
858,5.00000000000000178e+00
859,5.00000000000000178e+00
860,5.00000000000000178e+00
861,5.00000000000000178e+00
862,5.00000000000000178e+00
863,5.00000000000000178e+00
864,5.00000000000000178e+00
865,5.00000000000000178e+00
866,5.00000000000000178e+00
867,5.00000000000000178e+00
868,5.00000000000000178e+00
869,5.00000000000000178e+00
870,5.00000000000000178e+00
871,5.00000000000000178e+00
872,5.00000000000000178e+00
873,5.00000000000000178e+00
874,5.00000000000000178e+00
875,5.00000000000000178e+00
876,5.00000000000000178e+00
877,5.00000000000000178e+00
878,5.00000000000000178e+00
879,5.00000000000000178e+00
880,5.00000000000000178e+00
881,5.00000000000000178e+00
882,5.00000000000000178e+00
883,5.00000000000000178e+00
884,5.00000000000000178e+00
885,3.50000000000000178e+00
886,3.50000000000000178e+00
887,2.51604162087900995e+00
888,2.51472479570503271e+00
889,2.47774161415989091e+00
890,2.51250868785079051e+00
891,2.48723900656715857e+00
892,2.50782994842440043e+00
893,2.46626641518954148e+00
894,2.48388493006496081e+00
895,3.50000000000000178e+00
896,2.49657079684539518e+00
897,2.48840966249257090e+00
898,2.46829186317616855e+00
899,2.47739374812859792e+00
900,2.50446227795851950e+00
901,2.50393184260791202e+00
902,2.48450477321114915e+00
903,2.49802030244850837e+00
904,2.48362287214542787e+00
905,2.50135934311781316e+00
906,2.50591784566348252e+00
907,2.51229736802650150e+00
908,2.50162568659419238e+00
909,2.51180837638622600e+00
910,2.48109344938144050e+00
911,2.49542563156331632e+00
912,3.50000000000000178e+00
913,3.50000000000000178e+00
914,3.50000000000000178e+00
915,3.50000000000000178e+00
916,3.50000000000000178e+00
917,3.50000000000000178e+00
918,3.50000000000000178e+00
919,3.50000000000000178e+00
920,3.50000000000000178e+00
921,3.50000000000000178e+00
922,3.50000000000000178e+00
923,3.50000000000000178e+00
924,3.50000000000000178e+00
925,3.50000000000000178e+00
926,3.50000000000000178e+00
927,3.50000000000000178e+00
928,3.50000000000000178e+00
929,3.50000000000000178e+00
930,3.50000000000000178e+00
931,3.50000000000000178e+00
932,3.50000000000000178e+00
933,3.50000000000000178e+00
934,3.50000000000000178e+00
935,3.50000000000000178e+00
936,3.50000000000000178e+00
937,3.50000000000000178e+00
938,3.50000000000000178e+00
939,3.50000000000000178e+00
940,3.50000000000000178e+00
941,2.50337772057517816e+00
942,2.48153505798746465e+00
943,2.52020361818134830e+00
944,2.50638021314489778e+00
945,2.49914057900369357e+00
946,2.50891978521397707e+00
947,2.51289976701422901e+00
948,2.52294761055062589e+00
949,2.49894832863141891e+00
950,2.51013577394376686e+00
951,2.49660116790188757e+00
952,2.47612924483585672e+00
953,2.48724427437127904e+00
954,2.51678729975101678e+00
955,2.51429460145031225e+00
956,2.48697737512932893e+00
957,3.50000000000000178e+00
958,3.50000000000000178e+00
959,3.50000000000000178e+00
960,3.50000000000000178e+00
961,3.50000000000000178e+00
962,3.50000000000000178e+00
963,3.50000000000000178e+00
964,3.50000000000000178e+00
965,3.50000000000000178e+00
966,3.50000000000000178e+00
967,3.50000000000000178e+00
968,3.50000000000000178e+00
969,3.50000000000000178e+00
970,3.50000000000000178e+00
971,3.50000000000000178e+00
972,3.50000000000000178e+00
973,3.50000000000000178e+00
974,3.50000000000000178e+00
975,3.50000000000000178e+00
976,3.50000000000000178e+00
977,3.50000000000000178e+00
978,3.50000000000000178e+00
979,3.50000000000000178e+00
980,3.50000000000000178e+00
981,3.50000000000000178e+00
982,3.50000000000000178e+00
983,3.50000000000000178e+00
984,3.50000000000000178e+00
985,2.49814131792705885e+00
986,2.49831197616329970e+00
987,2.47868401732400834e+00
988,2.48673868248809171e+00
989,2.52528486159344601e+00
990,2.47085202763995815e+00
991,2.49806824405029371e+00
992,2.50143117957111283e+00
993,3.50000000000000178e+00
994,3.50000000000000178e+00
995,3.50000000000000178e+00
996,3.50000000000000178e+00
997,3.50000000000000178e+00
998,3.50000000000000178e+00
999,3.50000000000000178e+00
1000,3.50000000000000178e+00
1001,3.50000000000000178e+00
1002,3.50000000000000178e+00
1003,3.50000000000000178e+00
1004,3.50000000000000178e+00
1005,3.50000000000000178e+00
1006,3.50000000000000178e+00
1007,3.50000000000000178e+00
1008,3.50000000000000178e+00
1009,3.50000000000000178e+00
1010,3.50000000000000178e+00
1011,3.50000000000000178e+00
1012,3.50000000000000178e+00
1013,3.50000000000000178e+00
1014,3.50000000000000178e+00
1015,3.50000000000000178e+00
1016,3.50000000000000178e+00
1017,3.50000000000000178e+00
1018,3.50000000000000178e+00
1019,3.50000000000000178e+00
1020,3.50000000000000178e+00
1021,3.50000000000000178e+00
1022,3.50000000000000178e+00
1023,3.50000000000000178e+00
1024,3.50000000000000178e+00
1025,3.50000000000000178e+00
1026,3.50000000000000178e+00
1027,3.50000000000000178e+00
1028,3.50000000000000178e+00
1029,3.50000000000000178e+00
1030,3.50000000000000178e+00
1031,3.50000000000000178e+00
1032,3.50000000000000178e+00
1033,3.50000000000000178e+00
1034,3.50000000000000178e+00
1035,3.50000000000000178e+00
1036,3.50000000000000178e+00
1037,3.50000000000000178e+00
1038,3.50000000000000178e+00
1039,3.50000000000000178e+00
1040,3.50000000000000178e+00
1041,3.50000000000000178e+00
1042,3.50000000000000178e+00
1043,3.50000000000000178e+00
1044,3.50000000000000178e+00
1045,3.50000000000000178e+00
1046,3.50000000000000178e+00
1047,3.50000000000000178e+00
1048,3.50000000000000178e+00
1049,2.55369715929643748e+00
1050,2.50482858962230459e+00
1051,2.48458173133400706e+00
1052,2.50543787079929547e+00
1053,2.52121921074063149e+00
1054,2.47093915811935982e+00
1055,2.52506106310367784e+00
1056,2.49719176673072374e+00
1057,2.49213823077047136e+00
1058,2.49680238265384080e+00
1059,2.49690477101676711e+00
1060,2.46361964479157614e+00
1061,2.45346078990735972e+00
1062,2.51288908938423283e+00
1063,2.50448273174558800e+00
1064,2.48060022573078287e+00
1065,2.45953729559845335e+00
1066,2.53120321693437678e+00
1067,2.47932206181042192e+00
1068,2.47383466882849890e+00
1069,2.46966180298437354e+00
1070,2.46686191018369438e+00
1071,2.46556782802098917e+00
1072,2.50837575239563249e+00
1073,2.48574874138156243e+00
1074,2.47573607384251471e+00
1075,2.49541922741408939e+00
1076,2.52043561083832479e+00
1077,2.49129376969089300e+00
1078,2.52884310816025293e+00
1079,2.50002950162189386e+00
1080,2.51392374551060183e+00
1081,2.52398434635853341e+00
1082,2.48834302178090194e+00
1083,2.52271081822326737e+00
1084,2.50672864892335667e+00
1085,2.51628104506234695e+00
1086,2.50062533752999849e+00
1087,2.45760098270669491e+00
1088,2.54590032193677152e+00
1089,2.47619852535046903e+00
1090,2.49001566439903410e+00
1091,2.49778697247908354e+00
1092,2.50950883969887251e+00
1093,2.52394389305762346e+00
1094,2.50669862687877032e+00
1095,2.49540258364518408e+00
1096,2.48568940946968109e+00
1097,2.53387333138510984e+00
1098,2.51965349755748935e+00
1099,2.49493153377390353e+00
1100,2.54147997697067485e+00
1101,2.46676639000605213e+00
1102,2.50218136282820014e+00
1103,2.49270504225149248e+00
1104,2.51202129172915933e+00
1105,3.50000000000000178e+00
1106,3.50000000000000178e+00
1107,2.51604162087900907e+00
1108,2.51472479570503271e+00
1109,2.47774161415989180e+00
1110,2.51250868785079007e+00
1111,2.48723900656715857e+00
1112,2.50782994842440043e+00
1113,2.46626641518954148e+00
1114,2.48388493006496081e+00
1115,3.50000000000000178e+00
1116,2.49894832863141891e+00
1117,2.51013577394376686e+00
1118,2.49660116790188757e+00
1119,2.47612924483585628e+00
1120,2.48724427437127904e+00
1121,2.51678729975101678e+00
1122,2.51429460145031269e+00
1123,2.48697737512932893e+00
1124,2.50337772057517816e+00
1125,2.48153505798746510e+00
1126,2.52020361818134830e+00
1127,2.50638021314489734e+00
1128,2.49914057900369357e+00
1129,2.50891978521397707e+00
1130,2.51289976701422901e+00
1131,2.52294761055062544e+00
1132,3.50000000000000178e+00
1133,3.50000000000000178e+00
1134,3.50000000000000178e+00
1135,3.50000000000000178e+00
1136,3.50000000000000178e+00
1137,3.50000000000000178e+00
1138,3.50000000000000178e+00
1139,3.50000000000000178e+00
1140,3.50000000000000178e+00
1141,3.50000000000000178e+00
1142,3.50000000000000178e+00
1143,3.50000000000000178e+00
1144,3.50000000000000178e+00
1145,3.50000000000000178e+00
1146,3.50000000000000178e+00
1147,3.50000000000000178e+00
1148,3.50000000000000178e+00
1149,3.50000000000000178e+00
1150,3.50000000000000178e+00
1151,3.50000000000000178e+00
1152,3.50000000000000178e+00
1153,3.50000000000000178e+00
1154,3.50000000000000178e+00
1155,3.50000000000000178e+00
1156,3.50000000000000178e+00
1157,3.50000000000000178e+00
1158,3.50000000000000178e+00
1159,3.50000000000000178e+00
1160,3.50000000000000178e+00
1161,2.48362287214542832e+00
1162,2.50135934311781316e+00
1163,2.50591784566348252e+00
1164,2.51229736802650194e+00
1165,2.50162568659419238e+00
1166,2.51180837638622556e+00
1167,2.48109344938144005e+00
1168,2.49542563156331632e+00
1169,2.49657079684539562e+00
1170,2.48840966249257090e+00
1171,2.46829186317616900e+00
1172,2.47739374812859792e+00
1173,2.50446227795851950e+00
1174,2.50393184260791202e+00
1175,2.48450477321114915e+00
1176,2.49802030244850792e+00
1177,3.50000000000000178e+00
1178,3.50000000000000178e+00
1179,3.50000000000000178e+00
1180,3.50000000000000178e+00
1181,3.50000000000000178e+00
1182,3.50000000000000178e+00
1183,3.50000000000000178e+00
1184,3.50000000000000178e+00
1185,3.50000000000000178e+00
1186,3.50000000000000178e+00
1187,3.50000000000000178e+00
1188,3.50000000000000178e+00
1189,3.50000000000000178e+00
1190,3.50000000000000178e+00
1191,3.50000000000000178e+00
1192,3.50000000000000178e+00
1193,3.50000000000000178e+00
1194,3.50000000000000178e+00
1195,3.50000000000000178e+00
1196,3.50000000000000178e+00
1197,3.50000000000000178e+00
1198,3.50000000000000178e+00
1199,3.50000000000000178e+00
1200,3.50000000000000178e+00
1201,3.50000000000000178e+00
1202,3.50000000000000178e+00
1203,3.50000000000000178e+00
1204,3.50000000000000178e+00
1205,2.49814131792705929e+00
1206,2.49831197616330014e+00
1207,2.47868401732400834e+00
1208,2.48673868248809171e+00
1209,2.52528486159344601e+00
1210,2.47085202763995770e+00
1211,2.49806824405029460e+00
1212,2.50143117957111194e+00
1213,3.50000000000000178e+00
1214,3.50000000000000178e+00
1215,3.50000000000000178e+00
1216,3.50000000000000178e+00
1217,3.50000000000000178e+00
1218,3.50000000000000178e+00
1219,3.50000000000000178e+00
1220,3.50000000000000178e+00
1221,3.50000000000000178e+00
1222,3.50000000000000178e+00
1223,3.50000000000000178e+00
1224,3.50000000000000178e+00
1225,3.50000000000000178e+00
1226,3.50000000000000178e+00
1227,3.50000000000000178e+00
1228,3.50000000000000178e+00
1229,3.50000000000000178e+00
1230,3.50000000000000178e+00
1231,3.50000000000000178e+00
1232,3.50000000000000178e+00
1233,3.50000000000000178e+00
1234,3.50000000000000178e+00
1235,3.50000000000000178e+00
1236,3.50000000000000178e+00
1237,3.50000000000000178e+00
1238,3.50000000000000178e+00
1239,3.50000000000000178e+00
1240,3.50000000000000178e+00
1241,3.50000000000000178e+00
1242,3.50000000000000178e+00
1243,3.50000000000000178e+00
1244,3.50000000000000178e+00
1245,3.50000000000000178e+00
1246,3.50000000000000178e+00
1247,3.50000000000000178e+00
1248,3.50000000000000178e+00
1249,3.50000000000000178e+00
1250,3.50000000000000178e+00
1251,3.50000000000000178e+00
1252,3.50000000000000178e+00
1253,3.50000000000000178e+00
1254,3.50000000000000178e+00
1255,3.50000000000000178e+00
1256,3.50000000000000178e+00
1257,3.50000000000000178e+00
1258,3.50000000000000178e+00
1259,3.50000000000000178e+00
1260,3.50000000000000178e+00
1261,3.50000000000000178e+00
1262,3.50000000000000178e+00
1263,3.50000000000000178e+00
1264,3.50000000000000178e+00
1265,3.50000000000000178e+00
1266,3.50000000000000178e+00
1267,3.50000000000000178e+00
1268,3.50000000000000178e+00
1269,2.55369715929643748e+00
1270,2.50482858962230504e+00
1271,2.48458173133400706e+00
1272,2.50543787079929503e+00
1273,2.52121921074063149e+00
1274,2.47093915811935982e+00
1275,2.52506106310367784e+00
1276,2.49719176673072329e+00
1277,2.49213823077047181e+00
1278,2.49680238265384080e+00
1279,2.49690477101676755e+00
1280,2.46361964479157614e+00
1281,2.45346078990735972e+00
1282,2.51288908938423372e+00
1283,2.50448273174558755e+00
1284,2.48060022573078243e+00
1285,2.45953729559845335e+00
1286,2.53120321693437678e+00
1287,2.47932206181042192e+00
1288,2.47383466882849890e+00
1289,2.46966180298437354e+00
1290,2.46686191018369438e+00
1291,2.46556782802098917e+00
1292,2.50837575239563293e+00
1293,2.48574874138156332e+00
1294,2.47573607384251471e+00
1295,2.49541922741408895e+00
1296,2.52043561083832479e+00
1297,2.49129376969089389e+00
1298,2.52884310816025293e+00
1299,2.50002950162189341e+00
1300,2.51392374551060183e+00
1301,2.52398434635853297e+00
1302,2.48834302178090283e+00
1303,2.52271081822326781e+00
1304,2.50672864892335756e+00
1305,2.51628104506234695e+00
1306,2.50062533752999894e+00
1307,2.45760098270669491e+00
1308,2.54590032193677152e+00
1309,2.47619852535046947e+00
1310,2.49001566439903410e+00
1311,2.49778697247908354e+00
1312,2.50950883969887251e+00
1313,2.52394389305762346e+00
1314,2.50669862687877032e+00
1315,2.49540258364518497e+00
1316,2.48568940946968020e+00
1317,2.53387333138510984e+00
1318,2.51965349755748846e+00
1319,2.49493153377390353e+00
1320,2.54147997697067485e+00
1321,2.46676639000605258e+00
1322,2.50218136282820058e+00
1323,2.49270504225149292e+00
1324,2.51202129172915933e+00
1325,5.00000000000000178e+00
1326,2.48448900339199863e+00
1327,2.52845008471121435e+00
1328,2.47052551733537751e+00
1329,2.51740894494738843e+00
1330,2.46738482289405781e+00
1331,2.51455870598112075e+00
1332,2.50476169063822907e+00
1333,2.53089959888309668e+00
1334,2.48448900339199907e+00
1335,2.52845008471121435e+00
1336,2.47052551733537751e+00
1337,2.51740894494738843e+00
1338,2.46738482289405869e+00
1339,2.51455870598112075e+00
1340,2.50476169063822907e+00
1341,2.53089959888309668e+00
1342,5.00000000000000178e+00
1343,5.00000000000000178e+00
1344,5.00000000000000178e+00
1345,5.00000000000000178e+00
1346,5.00000000000000178e+00
1347,5.00000000000000178e+00
1348,5.00000000000000178e+00
1349,5.00000000000000178e+00
1350,5.00000000000000178e+00
1351,5.00000000000000178e+00
1352,5.00000000000000178e+00
1353,5.00000000000000178e+00
1354,5.00000000000000178e+00
1355,5.00000000000000178e+00
1356,5.00000000000000178e+00
1357,5.00000000000000178e+00
1358,5.00000000000000178e+00
1359,5.00000000000000178e+00
1360,5.00000000000000178e+00
1361,5.00000000000000178e+00
1362,5.00000000000000178e+00
1363,5.00000000000000178e+00
1364,5.00000000000000178e+00
1365,5.00000000000000178e+00
1366,5.00000000000000178e+00
1367,5.00000000000000178e+00
1368,5.00000000000000178e+00
1369,5.00000000000000178e+00
1370,2.50582481901511755e+00
1371,2.50347910900222859e+00
1372,2.53242024671092247e+00
1373,2.51205039696483468e+00
1374,2.50689296543305140e+00
1375,2.49172453080172307e+00
1376,2.49143694667467797e+00
1377,2.51877048337555909e+00
1378,3.50000000000000178e+00
1379,3.50000000000000178e+00
1380,3.50000000000000178e+00
1381,3.50000000000000178e+00
1382,3.50000000000000178e+00
1383,3.50000000000000178e+00
1384,3.50000000000000178e+00
1385,3.50000000000000178e+00
1386,3.50000000000000178e+00
1387,3.50000000000000178e+00
1388,3.50000000000000178e+00
1389,3.50000000000000178e+00
1390,3.50000000000000178e+00
1391,3.50000000000000178e+00
1392,3.50000000000000178e+00
1393,3.50000000000000178e+00
1394,3.50000000000000178e+00
1395,3.50000000000000178e+00
1396,3.50000000000000178e+00
1397,3.50000000000000178e+00
1398,3.50000000000000178e+00
1399,3.50000000000000178e+00
1400,3.50000000000000178e+00
1401,3.50000000000000178e+00
1402,3.50000000000000178e+00
1403,3.50000000000000178e+00
1404,3.50000000000000178e+00
1405,3.50000000000000178e+00
1406,3.50000000000000178e+00
1407,3.50000000000000178e+00
1408,3.50000000000000178e+00
1409,3.50000000000000178e+00
1410,3.50000000000000178e+00
1411,3.50000000000000178e+00
1412,3.50000000000000178e+00
1413,3.50000000000000178e+00
1414,3.50000000000000178e+00
1415,3.50000000000000178e+00
1416,3.50000000000000178e+00
1417,3.50000000000000178e+00
1418,3.50000000000000178e+00
1419,3.50000000000000178e+00
1420,3.50000000000000178e+00
1421,3.50000000000000178e+00
1422,3.50000000000000178e+00
1423,3.50000000000000178e+00
1424,3.50000000000000178e+00
1425,3.50000000000000178e+00
1426,3.50000000000000178e+00
1427,3.50000000000000178e+00
1428,3.50000000000000178e+00
1429,3.50000000000000178e+00
1430,3.50000000000000178e+00
1431,3.50000000000000178e+00
1432,3.50000000000000178e+00
1433,3.50000000000000178e+00
1434,2.50124076954252983e+00
1435,2.51428046751898382e+00
1436,2.50588649262646967e+00
1437,2.47367435790031243e+00
1438,2.46942152899399758e+00
1439,2.51020028610874313e+00
1440,2.51245417712131491e+00
1441,2.52469775730475066e+00
1442,2.49215081246848813e+00
1443,2.46040987750241769e+00
1444,2.48568973190820186e+00
1445,2.49061563593700175e+00
1446,2.46338196443065893e+00
1447,2.53259893951472481e+00
1448,2.48264326452539175e+00
1449,2.50171180288635098e+00
1450,2.48867948824452689e+00
1451,2.52106588725879899e+00
1452,2.48664182078370777e+00
1453,2.47494430517999042e+00
1454,2.52972767778193308e+00
1455,2.45772750861638567e+00
1456,2.51859662006974805e+00
1457,2.48968017565588529e+00
1458,2.50266567869773571e+00
1459,2.45640146570891282e+00
1460,2.49773686910579862e+00
1461,2.49772952158147010e+00
1462,2.53753144870322567e+00
1463,2.53160376293089628e+00
1464,2.46639092792842174e+00
1465,2.46981378555655784e+00
1466,2.48319255190342503e+00
1467,2.51389472662443669e+00
1468,2.47701677994068392e+00
1469,2.50950401005968526e+00
1470,2.48553661470678477e+00
1471,2.49992773933409396e+00
1472,2.44061738782427673e+00
1473,2.47370611045711186e+00
1474,2.46411487270576224e+00
1475,2.48796828178967688e+00
1476,2.49157886793217465e+00
1477,2.48302697525218319e+00
1478,2.49086160259760003e+00
1479,2.50978166135998526e+00
1480,2.53583779126951203e+00
1481,2.49485544076603460e+00
1482,2.47164777918029888e+00
1483,2.49441484838908245e+00
1484,2.51956121665353061e+00
1485,2.52696201879735582e+00
1486,2.50814027116863247e+00
1487,2.52874231494489887e+00
1488,2.56419768695128791e+00
1489,2.50539400848577598e+00
1490,2.50582481901511667e+00
1491,2.50347910900222903e+00
1492,2.53242024671092247e+00
1493,2.51205039696483468e+00
1494,2.50689296543305229e+00
1495,2.49172453080172307e+00
1496,2.49143694667467841e+00
1497,2.51877048337555909e+00
1498,3.50000000000000178e+00
1499,3.50000000000000178e+00
1500,3.50000000000000178e+00
1501,3.50000000000000178e+00
1502,3.50000000000000178e+00
1503,3.50000000000000178e+00
1504,3.50000000000000178e+00
1505,3.50000000000000178e+00
1506,3.50000000000000178e+00
1507,3.50000000000000178e+00
1508,3.50000000000000178e+00
1509,3.50000000000000178e+00
1510,3.50000000000000178e+00
1511,3.50000000000000178e+00
1512,3.50000000000000178e+00
1513,3.50000000000000178e+00
1514,3.50000000000000178e+00
1515,3.50000000000000178e+00
1516,3.50000000000000178e+00
1517,3.50000000000000178e+00
1518,3.50000000000000178e+00
1519,3.50000000000000178e+00
1520,3.50000000000000178e+00
1521,3.50000000000000178e+00
1522,3.50000000000000178e+00
1523,3.50000000000000178e+00
1524,3.50000000000000178e+00
1525,3.50000000000000178e+00
1526,3.50000000000000178e+00
1527,3.50000000000000178e+00
1528,3.50000000000000178e+00
1529,3.50000000000000178e+00
1530,3.50000000000000178e+00
1531,3.50000000000000178e+00
1532,3.50000000000000178e+00
1533,3.50000000000000178e+00
1534,3.50000000000000178e+00
1535,3.50000000000000178e+00
1536,3.50000000000000178e+00
1537,3.50000000000000178e+00
1538,3.50000000000000178e+00
1539,3.50000000000000178e+00
1540,3.50000000000000178e+00
1541,3.50000000000000178e+00
1542,3.50000000000000178e+00
1543,3.50000000000000178e+00
1544,3.50000000000000178e+00
1545,3.50000000000000178e+00
1546,3.50000000000000178e+00
1547,3.50000000000000178e+00
1548,3.50000000000000178e+00
1549,3.50000000000000178e+00
1550,3.50000000000000178e+00
1551,3.50000000000000178e+00
1552,3.50000000000000178e+00
1553,3.50000000000000178e+00
1554,2.50124076954253027e+00
1555,2.51428046751898382e+00
1556,2.50588649262647012e+00
1557,2.47367435790031243e+00
1558,2.46942152899399758e+00
1559,2.51020028610874402e+00
1560,2.51245417712131491e+00
1561,2.52469775730475066e+00
1562,2.49215081246848813e+00
1563,2.46040987750241769e+00
1564,2.48568973190820230e+00
1565,2.49061563593700130e+00
1566,2.46338196443065893e+00
1567,2.53259893951472481e+00
1568,2.48264326452539175e+00
1569,2.50171180288635053e+00
1570,2.48867948824452689e+00
1571,2.52106588725879899e+00
1572,2.48664182078370732e+00
1573,2.47494430517999042e+00
1574,2.52972767778193308e+00
1575,2.45772750861638567e+00
1576,2.51859662006974805e+00
1577,2.48968017565588529e+00
1578,2.50266567869773571e+00
1579,2.45640146570891282e+00
1580,2.49773686910579862e+00
1581,2.49772952158147099e+00
1582,2.53753144870322611e+00
1583,2.53160376293089628e+00
1584,2.46639092792842174e+00
1585,2.46981378555655784e+00
1586,2.48319255190342503e+00
1587,2.51389472662443625e+00
1588,2.47701677994068348e+00
1589,2.50950401005968615e+00
1590,2.48553661470678477e+00
1591,2.49992773933409440e+00
1592,2.44061738782427673e+00
1593,2.47370611045711186e+00
1594,2.46411487270576224e+00
1595,2.48796828178967733e+00
1596,2.49157886793217465e+00
1597,2.48302697525218363e+00
1598,2.49086160259759959e+00
1599,2.50978166135998526e+00
1600,2.53583779126951203e+00
1601,2.49485544076603460e+00
1602,2.47164777918029888e+00
1603,2.49441484838908334e+00
1604,2.51956121665353105e+00
1605,2.52696201879735582e+00
1606,2.50814027116863159e+00
1607,2.52874231494489887e+00
1608,2.56419768695128791e+00
1609,2.50539400848577642e+00
1610,5.00000000000000178e+00
1611,5.00000000000000178e+00
1612,5.00000000000000178e+00
1613,5.00000000000000178e+00
1614,5.00000000000000178e+00
1615,5.00000000000000178e+00
1616,5.00000000000000178e+00
1617,5.00000000000000178e+00
1618,5.00000000000000178e+00
1619,5.00000000000000178e+00
1620,5.00000000000000178e+00
1621,5.00000000000000178e+00
1622,5.00000000000000178e+00
1623,5.00000000000000178e+00
1624,5.00000000000000178e+00
1625,5.00000000000000178e+00
1626,5.00000000000000178e+00
1627,5.00000000000000178e+00
1628,5.00000000000000178e+00
1629,5.00000000000000178e+00
1630,5.00000000000000178e+00
1631,5.00000000000000178e+00
1632,5.00000000000000178e+00
1633,5.00000000000000178e+00
1634,5.00000000000000178e+00
1635,5.00000000000000178e+00
1636,5.00000000000000178e+00
1637,5.00000000000000178e+00
1638,2.50461503163760302e+00
1639,2.53944016118192328e+00
1640,2.53703085614785495e+00
1641,2.46825010859021976e+00
1642,2.53685741916477348e+00
1643,2.50472453122075578e+00
1644,2.52823158242683110e+00
1645,2.46379423861843527e+00
1646,2.53100021630427419e+00
1647,2.47000354621389606e+00
1648,2.49259844828912147e+00
1649,2.47596323242673844e+00
1650,2.50624204538732265e+00
1651,2.49452458405367050e+00
1652,2.47476536488357457e+00
1653,2.50854290432366112e+00
1654,2.48129868928244379e+00
1655,2.50927282586610279e+00
1656,2.55074696361336084e+00
1657,2.47608151498054863e+00
1658,2.46945586709543852e+00
1659,2.50247037855232568e+00
1660,2.48201714121028250e+00
1661,2.46592882734434049e+00
1662,2.49134644761772162e+00
1663,2.49774852097104727e+00
1664,2.52612524962797291e+00
1665,2.50392586912977544e+00
1666,2.45694282415476728e+00
1667,2.50828455154632124e+00
1668,2.47397852037391619e+00
1669,2.49458866984685157e+00
1670,2.48146078571548401e+00
1671,2.51996761558184268e+00
1672,2.52189160716160732e+00
1673,2.48832809175789516e+00
1674,2.48558085663324491e+00
1675,2.49016098412231468e+00
1676,2.49880252501431910e+00
1677,2.51279462898427752e+00
1678,2.48929508655328213e+00
1679,2.49081052794212843e+00
1680,2.52480317181855352e+00
1681,2.48977031471708754e+00
1682,2.49827051383057341e+00
1683,2.49995724863696811e+00
1684,2.53323160853020557e+00
1685,2.52372164399780985e+00
1686,2.47024608980302940e+00
1687,2.49643340549962023e+00
1688,2.50146208206222731e+00
1689,2.53812264514044195e+00
1690,2.48551629068239954e+00
1691,2.54456642985411108e+00
1692,2.48927086821276022e+00
1693,2.50264194267077666e+00
1694,2.50461503163760302e+00
1695,2.53944016118192328e+00
1696,2.53703085614785495e+00
1697,2.46825010859021976e+00
1698,2.53685741916477259e+00
1699,2.50472453122075578e+00
1700,2.52823158242683110e+00
1701,2.46379423861843527e+00
1702,2.53100021630427419e+00
1703,2.47000354621389606e+00
1704,2.49259844828912147e+00
1705,2.47596323242673844e+00
1706,2.50624204538732354e+00
1707,2.49452458405366961e+00
1708,2.47476536488357457e+00
1709,2.50854290432366112e+00
1710,2.48129868928244379e+00
1711,2.50927282586610279e+00
1712,2.55074696361336084e+00
1713,2.47608151498054774e+00
1714,2.46945586709543852e+00
1715,2.50247037855232524e+00
1716,2.48201714121028338e+00
1717,2.46592882734434049e+00
1718,2.49134644761772073e+00
1719,2.49774852097104771e+00
1720,2.52612524962797291e+00
1721,2.50392586912977588e+00
1722,2.45694282415476728e+00
1723,2.50828455154632080e+00
1724,2.47397852037391619e+00
1725,2.49458866984685113e+00
1726,2.48146078571548445e+00
1727,2.51996761558184224e+00
1728,2.52189160716160732e+00
1729,2.48832809175789560e+00
1730,2.48558085663324446e+00
1731,2.49016098412231424e+00
1732,2.49880252501431865e+00
1733,2.51279462898427752e+00
1734,2.48929508655328213e+00
1735,2.49081052794212798e+00
1736,2.52480317181855352e+00
1737,2.48977031471708710e+00
1738,2.49827051383057430e+00
1739,2.49995724863696811e+00
1740,2.53323160853020646e+00
1741,2.52372164399780985e+00
1742,2.47024608980302940e+00
1743,2.49643340549962067e+00
1744,2.50146208206222731e+00
1745,2.53812264514044195e+00
1746,2.48551629068239999e+00
1747,2.54456642985411108e+00
1748,2.48927086821275978e+00
1749,2.50264194267077578e+00
1750,5.00000000000000000e+00
1751,5.00000000000000000e+00
1752,5.00000000000000000e+00
1753,5.00000000000000000e+00
1754,5.00000000000000000e+00
1755,5.00000000000000000e+00
1756,5.00000000000000000e+00
1757,5.00000000000000000e+00
1758,5.00000000000000000e+00
1759,5.00000000000000000e+00
1760,5.00000000000000000e+00
1761,5.00000000000000000e+00
1762,5.00000000000000000e+00
1763,5.00000000000000000e+00
1764,5.00000000000000000e+00
1765,5.00000000000000000e+00
1766,5.00000000000000000e+00
1767,5.00000000000000000e+00
1768,5.00000000000000000e+00
1769,5.00000000000000000e+00
1770,5.00000000000000000e+00
1771,5.00000000000000000e+00
1772,5.00000000000000000e+00
1773,5.00000000000000000e+00
1774,5.00000000000000000e+00
1775,5.00000000000000000e+00
1776,5.00000000000000000e+00
1777,5.00000000000000000e+00
1778,5.00000000000000000e+00
1779,5.00000000000000000e+00
1780,5.00000000000000000e+00
1781,5.00000000000000000e+00
1782,5.00000000000000000e+00
1783,5.00000000000000000e+00
1784,5.00000000000000000e+00
1785,5.00000000000000000e+00
1786,5.00000000000000000e+00
1787,5.00000000000000000e+00
1788,5.00000000000000000e+00
1789,5.00000000000000000e+00
1790,5.00000000000000000e+00
1791,5.00000000000000000e+00
1792,5.00000000000000000e+00
1793,5.00000000000000000e+00
1794,5.00000000000000000e+00
1795,5.00000000000000000e+00
1796,5.00000000000000000e+00
1797,5.00000000000000000e+00
1798,5.00000000000000000e+00
1799,5.00000000000000000e+00
1800,5.00000000000000000e+00
1801,5.00000000000000000e+00
1802,5.00000000000000000e+00
1803,5.00000000000000000e+00
1804,5.00000000000000000e+00
1805,5.00000000000000000e+00
1806,5.00000000000000000e+00
1807,5.00000000000000000e+00
1808,5.00000000000000000e+00
1809,5.00000000000000000e+00
1810,5.00000000000000000e+00
1811,5.00000000000000000e+00
1812,5.00000000000000000e+00
1813,5.00000000000000000e+00
1814,5.00000000000000000e+00
1815,5.00000000000000000e+00
1816,5.00000000000000000e+00
1817,5.00000000000000000e+00
1818,5.00000000000000000e+00
1819,5.00000000000000000e+00
